[{"model": "community.board", "pk": 1, "fields": {"name": "0"}}, {"model": "community.board", "pk": 2, "fields": {"name": "1"}}, {"model": "community.board", "pk": 3, "fields": {"name": "2"}}, {"model": "community.board", "pk": 4, "fields": {"name": "3"}}, {"model": "community.article", "pk": 6, "fields": {"board": 1, "title": "영화 볼 시간에", "content": "잠이나 자라", "created_at": "2023-11-17T02:24:02.452Z", "updated_at": "2023-11-23T15:48:30.879Z", "user": 1, "is_active": true, "is_notice": false, "counting": 0, "like_users": [2, 3, 4, 6, 7, 8]}}, {"model": "community.article", "pk": 7, "fields": {"board": 3, "title": "이 영화 재밌지 않음?", "content": "제곧내", "created_at": "2023-11-17T02:24:43.883Z", "updated_at": "2023-11-23T15:48:51.430Z", "user": 1, "is_active": true, "is_notice": false, "counting": 4, "like_users": [5, 6, 7, 8, 9, 10, 11, 12]}}, {"model": "community.article", "pk": 8, "fields": {"board": 1, "title": "자유롭게", "content": "자고싶다", "created_at": "2023-11-19T07:04:55.553Z", "updated_at": "2023-11-23T15:49:38.855Z", "user": 1, "is_active": true, "is_notice": false, "counting": 7, "like_users": [2, 3, 4, 5, 6, 7, 8, 9, 10, 11, 12, 13]}}, {"model": "community.article", "pk": 15, "fields": {"board": 4, "title": "여기는 익게", "content": "익명익명익명", "created_at": "2023-11-23T06:47:43.017Z", "updated_at": "2023-11-23T15:50:03.103Z", "user": 2, "is_active": true, "is_notice": true, "counting": 11, "like_users": [1, 2, 3]}}, {"model": "community.article", "pk": 16, "fields": {"board": 3, "title": "여기는 리뷰게시판입니다.", "content": "333", "created_at": "2023-11-23T06:47:57.355Z", "updated_at": "2023-11-23T15:50:16.403Z", "user": 2, "is_active": true, "is_notice": true, "counting": 114, "like_users": [1, 2, 3]}}, {"model": "community.article", "pk": 17, "fields": {"board": 2, "title": "여기는", "content": "22", "created_at": "2023-11-23T06:48:11.697Z", "updated_at": "2023-11-23T15:50:37.929Z", "user": 2, "is_active": true, "is_notice": true, "counting": 7, "like_users": [1, 2, 3, 4, 5, 6, 7, 8]}}, {"model": "community.article", "pk": 18, "fields": {"board": 1, "title": "여기는 자유", "content": "1", "created_at": "2023-11-23T06:48:24.267Z", "updated_at": "2023-11-23T15:49:54.807Z", "user": 2, "is_active": true, "is_notice": true, "counting": 43, "like_users": [1, 2, 4, 10]}}, {"model": "community.article", "pk": 19, "fields": {"board": 3, "title": "나의 리뷰 글", "content": "우헤헤", "created_at": "2023-11-23T07:28:51.325Z", "updated_at": "2023-11-23T07:28:51Z", "user": 1, "is_active": true, "is_notice": false, "counting": 14, "like_users": [13]}}, {"model": "community.article", "pk": 20, "fields": {"board": 1, "title": "글을 좀 써봅시다.", "content": "구래구래", "created_at": "2023-11-23T08:50:08.495Z", "updated_at": "2023-11-23T08:50:08Z", "user": 2, "is_active": true, "is_notice": false, "counting": 0, "like_users": [1, 2, 3, 4, 5, 6, 7, 8]}}, {"model": "community.article", "pk": 21, "fields": {"board": 1, "title": "글써지나?", "content": "ㄷㄷ", "created_at": "2023-11-23T08:57:40.818Z", "updated_at": "2023-11-23T08:57:40.816Z", "user": 2, "is_active": true, "is_notice": false, "counting": 4, "like_users": [10]}}, {"model": "community.article", "pk": 22, "fields": {"board": 2, "title": "ㄱㄱ", "content": "회식 레츠고", "created_at": "2023-11-23T08:57:45.459Z", "updated_at": "2023-11-23T15:50:59Z", "user": 2, "is_active": true, "is_notice": false, "counting": 16, "like_users": [1, 2, 3, 4, 5, 6, 7, 8]}}, {"model": "community.article", "pk": 23, "fields": {"board": 4, "title": "그래서 오늘 저녁 뭐먹음?", "content": "배고픔", "created_at": "2023-11-23T08:57:49.693Z", "updated_at": "2023-11-23T15:51:15.874Z", "user": 2, "is_active": true, "is_notice": false, "counting": 6, "like_users": [2, 3, 4, 5, 6, 7, 8, 9, 10, 11, 12, 13]}}, {"model": "community.article", "pk": 24, "fields": {"board": 1, "title": "부울경 2반 화이팅", "content": "ㅋㄷㅋㄷ", "created_at": "2023-11-23T12:23:20.715Z", "updated_at": "2023-11-23T12:23:20Z", "user": 13, "is_active": true, "is_notice": false, "counting": 20, "like_users": [6, 7, 8, 9, 10, 11, 12, 13]}}, {"model": "community.article", "pk": 25, "fields": {"board": 4, "title": "익명이 되나?", "content": "안되나", "created_at": "2023-11-23T16:08:59.924Z", "updated_at": "2023-11-23T16:08:59.924Z", "user": 10, "is_active": true, "is_notice": false, "counting": 24, "like_users": [10]}}, {"model": "community.comment", "pk": 1, "fields": {"content": "123123", "created_at": "2023-11-17T02:34:00.110Z", "article": 6, "user": 1, "is_active": true, "like_users": []}}, {"model": "community.comment", "pk": 2, "fields": {"content": "123213", "created_at": "2023-11-17T02:34:09.154Z", "article": 6, "user": 1, "is_active": true, "like_users": []}}, {"model": "community.comment", "pk": 3, "fields": {"content": "12421421421", "created_at": "2023-11-17T02:48:01.189Z", "article": 6, "user": 1, "is_active": true, "like_users": []}}, {"model": "community.comment", "pk": 4, "fields": {"content": "2345235235", "created_at": "2023-11-17T02:48:05.680Z", "article": 7, "user": 1, "is_active": true, "like_users": []}}, {"model": "community.comment", "pk": 5, "fields": {"content": "213213321", "created_at": "2023-11-17T02:48:06.998Z", "article": 7, "user": 1, "is_active": true, "like_users": []}}, {"model": "community.comment", "pk": 6, "fields": {"content": "321231", "created_at": "2023-11-17T02:48:08.915Z", "article": 7, "user": 1, "is_active": true, "like_users": []}}, {"model": "community.comment", "pk": 7, "fields": {"content": "2231231", "created_at": "2023-11-17T02:57:18.759Z", "article": 6, "user": 1, "is_active": true, "like_users": []}}, {"model": "community.comment", "pk": 8, "fields": {"content": "235235235", "created_at": "2023-11-17T02:57:20.318Z", "article": 6, "user": 1, "is_active": true, "like_users": []}}, {"model": "community.comment", "pk": 9, "fields": {"content": "123123123123123123", "created_at": "2023-11-17T02:57:22.232Z", "article": 6, "user": 1, "is_active": true, "like_users": []}}, {"model": "community.comment", "pk": 10, "fields": {"content": "253523532235", "created_at": "2023-11-17T02:57:23.777Z", "article": 6, "user": 1, "is_active": true, "like_users": []}}, {"model": "community.comment", "pk": 11, "fields": {"content": "213123132312", "created_at": "2023-11-17T02:57:28.253Z", "article": 6, "user": 1, "is_active": true, "like_users": []}}, {"model": "community.comment", "pk": 12, "fields": {"content": "231132132132", "created_at": "2023-11-17T02:57:29.905Z", "article": 6, "user": 1, "is_active": true, "like_users": []}}, {"model": "community.comment", "pk": 13, "fields": {"content": "ㅋㅋㅋ 웃기다", "created_at": "2023-11-23T11:22:33.940Z", "article": 8, "user": 4, "is_active": true, "like_users": []}}, {"model": "community.comment", "pk": 14, "fields": {"content": "헤헤", "created_at": "2023-11-23T13:00:54.534Z", "article": 19, "user": 13, "is_active": true, "like_users": []}}, {"model": "community.comment", "pk": 15, "fields": {"content": "ㄱㄱㄱ", "created_at": "2023-11-23T13:05:21.922Z", "article": 22, "user": 13, "is_active": true, "like_users": []}}, {"model": "community.comment", "pk": 16, "fields": {"content": "ㄱㄱㄱㄱㄱ", "created_at": "2023-11-23T13:06:53.452Z", "article": 22, "user": 13, "is_active": true, "like_users": []}}, {"model": "community.comment", "pk": 17, "fields": {"content": "ㅋㅋㅋ", "created_at": "2023-11-23T13:10:55.332Z", "article": 22, "user": 13, "is_active": true, "like_users": []}}, {"model": "community.comment", "pk": 18, "fields": {"content": "ㅎㅇ", "created_at": "2023-11-23T13:10:57.404Z", "article": 22, "user": 13, "is_active": true, "like_users": []}}, {"model": "community.comment", "pk": 20, "fields": {"content": "ㄴㄴㄴ", "created_at": "2023-11-23T13:12:40.972Z", "article": 24, "user": 13, "is_active": true, "like_users": []}}, {"model": "community.comment", "pk": 21, "fields": {"content": "그래서 영화가 뭔데", "created_at": "2023-11-23T15:49:01.760Z", "article": 7, "user": 10, "is_active": true, "like_users": []}}, {"model": "community.comment", "pk": 22, "fields": {"content": "ㅎㅇ", "created_at": "2023-11-23T16:10:09.263Z", "article": 25, "user": 10, "is_active": true, "like_users": []}}, {"model": "community.reply", "pk": 2, "fields": {"content": "롤함?", "created_at": "2023-11-23T13:05:09.825Z", "user": 13, "comment": 14, "is_active": true, "like_users": []}}, {"model": "community.reply", "pk": 3, "fields": {"content": "ㅁㄴㅇㄻㄴㅇㄹ", "created_at": "2023-11-23T13:12:16.992Z", "user": 13, "comment": 19, "is_active": true, "like_users": []}}, {"model": "community.reply", "pk": 4, "fields": {"content": "배고파", "created_at": "2023-11-23T13:45:11.389Z", "user": 13, "comment": 20, "is_active": true, "like_users": []}}]